iter	RMSE
0	0.2576367577
1	0.2448979438
2	0.240995216333	0.239066285544	0.238253825355	0.237615440866	0.237145721477	0.236825769588	0.236391994499	0.2361668605110	0.2358393956111	0.235720821112	0.2355916055113	0.2354405653114	0.2352528169115	0.2351484298116	0.2350493341717	0.2349821511818	0.234865686119	0.2346747017220	0.2345606221	21	0.2344526122	22	0.2344012223	23	0.2342946124	24	0.2342276325	25	0.234145326	026	0.234116027	027	0.234037528	028	0.234004229	029	0.23386630	0.30	0.23380331	0.31	0.23376632	032	0.23371133	0.33	0.23367334	0.34	0.23362235	0.35	0.23352536	0.36	0.23344637	0.37	0.23337538	0.38	0.23330939	039	0.233277540	040	0.233262141	041	0.233204942	042	0.233188443	043	0.23315844	0.44	0.23312445	045	0.233075046	046	0.233066047	47	0.2330333448	48	0.2329741149	49	0.2329591392
4078
